timestamp,http_code,latency_seconds
1788005807.603960000,200,0.001784
1788005807.834751000,200,0.001603
1788005808.066220000,200,0.003952
1788005808.319603000,200,0.001513
1788005808.545832000,200,0.001977
1788005808.782963000,200,0.003062
1788005809.027957000,200,0.001236
1788005809.268253000,200,0.002481
1788005809.519302000,200,0.003461
1788005809.771834000,200,0.002146
1788005810.024070000,200,0.002278
1788005810.276038000,200,0.002179
1788005810.531192000,200,0.002377
1788005810.780444000,200,0.003063
1788005811.031744000,200,0.002847
1788005811.285491000,200,0.002735
1788005811.540458000,200,0.002851
1788005811.794326000,200,0.002040
1788005812.048231000,200,0.001952
1788005812.300114000,200,0.002162
1788005812.556336000,200,0.002376
1788005812.804577000,200,0.002753
1788005813.057687000,200,0.002296
1788005813.301298000,200,0.001880
1788005813.533661000,200,0.002513
1788005813.771787000,200,0.001838
1788005814.013701000,200,0.002418
1788005814.261641000,200,0.002105
1788005814.511824000,200,0.002829
1788005814.761008000,200,0.002706
1788005815.013692000,200,0.003243
1788005815.262261000,200,0.002074
1788005815.513559000,200,0.002581
1788005815.769725000,200,0.003057
1788005816.024128000,200,0.003045
1788005816.276119000,200,0.002463
1788005816.530908000,200,0.003162
1788005816.785278000,200,0.002933
1788005817.032289000,200,0.002207
1788005817.279993000,200,0.002380
1788005817.529323000,200,0.002983
1788005817.774941000,200,0.002421
1788005818.024594000,200,0.003183
1788005818.267833000,200,0.001767
1788005818.495117000,200,0.001949
1788005818.730720000,200,0.002761
1788005818.976211000,200,0.003591
1788005819.225676000,200,0.001486
1788005819.467020000,200,0.002297
1788005819.713920000,200,0.002882
1788005819.963829000,200,0.001938
1788005820.195408000,200,0.001517
1788005820.423445000,200,0.002676
1788005820.674484000,200,0.001787
1788005820.923814000,200,0.002289
1788005821.176656000,200,0.002639
1788005821.426186000,200,0.002651
1788005821.680187000,200,0.002513
1788005821.931582000,200,0.003412
1788005822.185260000,200,0.003639
1788005822.440893000,200,0.001975
1788005822.687943000,200,0.002072
1788005822.924634000,200,0.001954
1788005823.174492000,200,0.002259
1788005823.419948000,200,0.001337
1788005823.653088000,200,0.001722
1788005823.900377000,200,0.001887
1788005824.151747000,200,0.003198
1788005824.406805000,200,0.002203
1788005824.656451000,200,0.002017
1788005824.899160000,200,0.002706
1788005825.136074000,200,0.002601
1788005825.369965000,200,0.003041
1788005825.607279000,200,0.001789
1788005825.855492000,200,0.003114
1788005826.108923000,200,0.001669
1788005826.355062000,200,0.002368
1788005826.609741000,200,0.001937
1788005826.857908000,200,0.001909
1788005827.103908000,200,0.002487
1788005827.360322000,200,0.003024
1788005827.618749000,200,0.002873
1788005827.870603000,200,0.002113
1788005828.121540000,200,0.002248
1788005828.364889000,200,0.001354
1788005828.591737000,200,0.002197
1788005828.830685000,200,0.001582
1788005829.072971000,200,0.001307
1788005829.315604000,200,0.001771
1788005829.558062000,200,0.002732
1788005829.804332000,200,0.001613
1788005830.042542000,200,0.001926
1788005830.289579000,200,0.001493
1788005830.531426000,200,0.001914
1788005830.773427000,200,0.001376
1788005831.015889000,200,0.006226
1788005831.262539000,200,0.001395
1788005831.502265000,200,0.002275
1788005831.737129000,200,0.003191
1788005831.976166000,200,0.002368
1788005832.217946000,200,0.002329
1788005832.464357000,200,0.002057
1788005832.711672000,200,0.001771
1788005832.960297000,200,0.002928
1788005833.207871000,200,0.001408
1788005833.449125000,200,0.002249
1788005833.683829000,200,0.001775
1788005833.933517000,200,0.003030
1788005834.183360000,200,0.002925
1788005834.427213000,200,0.001710
1788005834.659799000,200,0.002335
1788005834.890732000,200,0.000967
1788005835.120756000,200,0.001526
1788005835.346923000,200,0.001090
1788005835.585269000,200,0.002412
1788005835.832800000,200,0.003025
1788005836.084411000,200,0.002205
1788005836.327040000,200,0.002139
1788005836.575871000,200,0.002293
1788005836.824703000,200,0.001881
1788005837.074595000,200,0.002134
1788005837.325935000,200,0.001856
1788005837.571523000,200,0.002861
1788005837.812827000,200,0.001711
1788005838.038405000,200,0.003120
1788005838.270518000,200,0.001643
1788005838.499201000,200,0.001649
1788005838.738566000,200,0.002789
1788005838.990461000,200,0.002131
1788005839.243368000,200,0.003025
1788005839.498625000,200,0.002263
1788005839.755197000,200,0.002313
1788005840.009987000,200,0.001951
1788005840.260475000,200,0.002038
1788005840.512408000,200,0.002264
1788005840.766954000,200,0.002894
1788005841.019074000,200,0.002624
1788005841.271267000,200,0.002341
1788005841.519665000,200,0.002224
1788005841.771026000,200,0.002537
1788005842.024860000,200,0.002111
1788005842.264280000,200,0.002082
1788005842.510177000,200,0.001721
1788005842.749556000,200,0.003076
1788005843.006864000,200,0.002076
1788005843.257041000,200,0.001611
1788005843.486558000,200,0.001518
1788005843.727579000,200,0.002294
1788005843.973624000,200,0.003090
1788005844.225050000,200,0.001641
1788005844.471569000,200,0.003448
1788005844.720147000,200,0.002176
1788005844.963024000,200,0.002880
1788005845.205621000,200,0.003349
1788005845.459166000,200,0.003021
1788005845.706062000,200,0.002576
1788005845.959582000,200,0.003416
1788005846.211668000,200,0.002302
1788005846.465479000,200,0.001366
1788005846.712730000,200,0.002337
1788005846.960258000,200,0.002079
1788005847.207619000,200,0.001497
1788005847.453137000,200,0.003099
1788005847.700737000,200,0.002163
1788005847.943216000,200,0.002989
1788005848.194701000,200,0.003107
1788005848.439814000,200,0.001490
1788005848.670940000,200,0.002018
1788005848.915178000,200,0.003548
1788005849.160582000,200,0.001493
1788005849.394894000,200,0.001769
1788005849.644527000,200,0.002845
1788005849.895401000,200,0.003534
1788005850.154084000,200,0.003528
1788005850.408558000,200,0.002187
1788005850.662128000,200,0.002390
1788005850.912267000,200,0.002009
1788005851.156643000,200,0.002085
1788005851.410751000,200,0.002261
1788005851.660988000,200,0.003091
1788005851.916190000,200,0.002595
1788005852.171790000,200,0.002613
1788005852.423441000,200,0.001989
1788005852.675114000,200,0.002550
1788005852.921915000,200,0.002345
1788005853.170954000,200,0.002362
1788005853.414848000,200,0.001651
1788005853.646678000,200,0.001752
1788005853.895784000,200,0.002546
1788005854.147506000,200,0.003169
1788005854.397522000,200,0.002112
1788005854.653302000,200,0.003927
1788005854.908236000,200,0.002863
1788005855.162412000,200,0.002494
1788005855.414520000,200,0.002081
1788005855.662915000,200,0.002122
1788005855.909066000,200,0.003204
1788005856.161297000,200,0.002963
1788005856.407545000,200,0.001728
1788005856.658000000,200,0.003214
1788005856.907825000,200,0.001787
1788005857.161265000,200,0.003154
1788005857.410416000,200,0.001660
1788005857.650553000,200,0.002259
1788005857.903514000,200,0.002458
1788005858.159841000,200,0.002501
1788005858.406216000,200,0.001281
1788005858.633027000,200,0.001783
1788005858.874551000,200,0.002926
1788005859.121730000,200,0.001948
1788005859.365973000,200,0.002185
1788005859.620836000,200,0.001788
1788005859.870270000,200,0.002588
1788005860.122029000,200,0.003497
1788005860.372177000,200,0.002920
1788005860.620470000,200,0.002780
1788005860.875232000,200,0.002656
1788005861.130882000,200,0.002471
1788005861.387688000,200,0.002748
1788005861.634930000,200,0.001544
1788005861.875524000,200,0.003126
1788005862.129737000,200,0.004026
1788005862.383652000,200,0.002097
1788005862.631144000,200,0.003306
1788005862.887570000,200,0.002100
1788005863.138407000,200,0.003030
1788005863.382975000,200,0.001319
1788005863.614256000,200,0.001965
1788005863.856364000,200,0.002465
1788005864.106052000,200,0.002647
1788005864.359162000,200,0.003173
1788005864.605045000,200,0.002506
1788005864.854671000,200,0.003120
1788005865.107724000,200,0.002605
1788005865.360156000,200,0.002517
1788005865.612917000,200,0.002284
1788005865.866874000,200,0.001672
1788005866.102673000,200,0.001246
1788005866.342623000,200,0.001692
1788005866.580303000,200,0.001184
1788005866.823221000,200,0.002750
1788005867.074839000,200,0.001897
1788005867.326533000,200,0.001908
1788005867.569960000,200,0.002788
1788005867.822570000,200,0.001761
1788005868.066358000,200,0.001822
1788005868.306870000,200,0.001524
1788005868.535970000,200,0.001731
1788005868.772578000,200,0.002247
1788005869.022393000,200,0.001376
1788005869.271358000,200,0.003397
1788005869.528936000,200,0.003383
1788005869.779640000,200,0.002788
1788005870.033111000,200,0.003129
1788005870.283742000,200,0.001560
1788005870.534223000,200,0.002297
1788005870.784923000,200,0.002594
1788005871.031843000,200,0.004837
1788005871.283396000,200,0.001415
1788005871.512444000,200,0.001882
1788005871.753590000,200,0.001564
1788005872.001713000,200,0.002650
1788005872.251547000,200,0.002013
1788005872.498339000,200,0.003056
1788005872.754028000,200,0.002158
1788005873.002470000,200,0.002607
1788005873.252584000,200,0.001668
1788005873.485359000,200,0.001918
1788005873.720495000,200,0.003557
1788005873.972950000,200,0.002668
1788005874.225703000,200,0.003032
1788005874.481817000,200,0.001800
1788005874.730802000,200,0.002449
1788005874.979691000,200,0.002851
1788005875.229341000,200,0.002070
1788005875.479824000,200,0.002657
1788005875.719478000,200,0.002671
1788005875.966787000,200,0.002116
1788005876.213254000,200,0.001024
1788005876.445738000,200,0.001180
1788005876.683502000,200,0.003072
1788005876.931753000,200,0.003493
1788005877.183600000,200,0.003041
1788005877.434883000,200,0.002344
1788005877.680205000,200,0.001867
1788005877.920507000,200,0.002949
1788005878.174257000,200,0.002220
1788005878.423862000,200,0.001510
1788005878.654266000,200,0.002586
1788005878.903622000,200,0.001982
1788005879.149173000,200,0.001723
1788005879.401563000,200,0.002409
1788005879.654865000,200,0.002099
1788005879.907305000,200,0.002697
1788005880.139137000,200,0.001798
1788005880.375093000,200,0.002790
1788005880.621224000,200,0.003789
1788005880.875999000,200,0.002570
1788005881.121476000,200,0.001932
1788005881.375260000,200,0.003652
1788005881.629196000,200,0.002371
1788005881.878268000,200,0.002412
1788005882.130723000,200,0.001866
1788005882.380489000,200,0.002343
1788005882.637234000,200,0.003633
1788005882.891535000,200,0.001829
1788005883.136959000,200,0.003255
1788005883.384823000,200,0.002274
1788005883.612657000,200,0.001790
1788005883.858893000,200,0.001937
1788005884.113419000,200,0.002601
1788005884.365786000,200,0.002886
1788005884.620483000,200,0.002628
1788005884.874228000,200,0.002648
1788005885.126024000,200,0.002277
1788005885.378142000,200,0.002277
1788005885.623366000,200,0.003213
1788005885.877999000,200,0.001784
1788005886.128028000,200,0.002330
1788005886.379061000,200,0.002656
1788005886.632274000,200,0.001817
1788005886.864481000,200,0.002348
1788005887.100755000,200,0.001895
1788005887.344650000,200,0.002215
1788005887.589722000,200,0.002470
1788005887.848452000,200,0.002180
1788005888.104198000,200,0.003051
1788005888.349259000,200,0.001913
1788005888.580062000,200,0.002785
1788005888.821854000,200,0.003237
1788005889.068158000,200,0.001608
1788005889.315866000,200,0.002253
1788005889.569905000,200,0.003039
1788005889.822132000,200,0.002319
1788005890.071225000,200,0.002905
1788005890.321079000,200,0.002308
1788005890.575007000,200,0.003036
1788005890.830043000,200,0.002967
1788005891.082266000,200,0.002365
1788005891.331672000,200,0.001571
1788005891.580327000,200,0.002264
1788005891.832193000,200,0.002503
1788005892.089561000,200,0.002212
1788005892.342401000,200,0.002375
1788005892.596706000,200,0.001487
1788005892.842176000,200,0.003306
1788005893.091857000,200,0.002919
1788005893.339885000,200,0.001492
1788005893.570928000,200,0.001949
1788005893.813191000,200,0.003197
1788005894.064751000,200,0.002775
1788005894.324115000,200,0.002323
1788005894.577032000,200,0.003096
1788005894.826966000,200,0.002929
1788005895.081448000,200,0.002112
1788005895.330344000,200,0.003381
1788005895.585453000,200,0.001852
1788005895.832755000,200,0.003026
1788005896.084830000,200,0.002181
1788005896.337407000,200,0.002125
1788005896.590117000,200,0.002596
1788005896.843297000,200,0.002746
1788005897.095355000,200,0.002446
1788005897.343759000,200,0.001210
1788005897.575706000,200,0.002369
1788005897.820816000,200,0.001711
1788005898.064121000,200,0.001878
1788005898.303330000,200,0.001535
1788005898.537264000,200,0.001527
1788005898.774893000,200,0.002323
1788005899.022558000,200,0.000983
1788005899.264262000,200,0.002697
1788005899.522593000,200,0.002585
1788005899.779277000,200,0.001949
1788005900.029269000,200,0.002397
1788005900.287217000,200,0.003174
1788005900.537914000,200,0.003171
1788005900.792930000,200,0.002516
1788005901.046745000,200,0.001963
1788005901.302738000,200,0.002007
1788005901.554548000,200,0.002486
1788005901.804272000,200,0.002423
1788005902.051726000,200,0.002270
1788005902.299422000,200,0.001479
1788005902.546006000,200,0.002093
1788005902.797184000,200,0.002108
1788005903.047693000,200,0.002618
1788005903.295555000,200,0.001854
1788005903.533244000,200,0.002904
1788005903.768796000,200,0.002167
1788005904.013313000,200,0.001962
1788005904.260692000,200,0.002736
1788005904.516789000,200,0.002346
1788005904.772068000,200,0.002925
1788005905.021411000,200,0.002722
1788005905.268437000,200,0.002301
1788005905.521903000,200,0.003895
1788005905.772577000,200,0.003167
1788005906.026535000,200,0.001515
1788005906.262348000,200,0.001998
1788005906.499843000,200,0.001758
1788005906.740098000,200,0.002506
1788005906.992217000,200,0.002417
1788005907.240292000,200,0.001378
1788005907.478444000,200,0.001419
1788005907.717962000,200,0.002996
1788005907.962682000,200,0.002418
1788005908.206591000,200,0.001558
1788005908.434524000,200,0.001788
1788005908.667681000,200,0.003046
1788005908.917263000,200,0.003273
1788005909.170674000,200,0.002429
1788005909.422951000,200,0.002670
1788005909.678865000,200,0.002448
1788005909.932776000,200,0.002461
1788005910.187152000,200,0.002159
1788005910.435060000,200,0.001623
1788005910.679398000,200,0.004700
1788005910.930940000,200,0.001753
1788005911.178900000,200,0.003239
1788005911.428607000,200,0.002435
1788005911.670998000,200,0.002246
1788005911.919396000,200,0.002163
1788005912.172210000,200,0.003050
1788005912.426801000,200,0.001725
1788005912.675511000,200,0.001770
1788005912.926103000,200,0.002519
1788005913.180422000,200,0.002514
1788005913.426790000,200,0.001574
1788005913.660725000,200,0.002775
1788005913.913060000,200,0.003343
1788005914.165196000,200,0.002330
1788005914.405346000,200,0.002824
1788005914.660392000,200,0.002101
1788005914.905246000,200,0.002708
1788005915.154801000,200,0.001997
1788005915.396489000,200,0.002804
1788005915.648510000,200,0.002439
1788005915.897066000,200,0.001965
1788005916.132971000,200,0.002955
1788005916.389207000,200,0.002416
1788005916.643616000,200,0.003153
1788005916.895042000,200,0.002592
1788005917.147844000,200,0.002407
1788005917.408229000,200,0.002242
1788005917.661237000,200,0.002326
1788005917.909283000,200,0.002380
1788005918.165299000,200,0.002311
1788005918.415640000,200,0.001628
1788005918.646636000,200,0.002664
1788005918.893579000,200,0.001839
1788005919.134061000,200,0.001819
1788005919.372002000,200,0.001729
1788005919.612088000,200,0.002369
1788005919.853547000,200,0.002892
1788005920.104675000,200,0.002826
1788005920.357946000,200,0.002259
1788005920.611747000,200,0.002848
1788005920.862876000,200,0.003540
1788005921.113766000,200,0.001369
1788005921.356540000,200,0.003243
1788005921.611454000,200,0.002885
1788005921.862031000,200,0.002275
1788005922.111843000,200,0.003587
